<?xml version="1.0" encoding="UTF-8"?>
<project-private xmlns="http://www.netbeans.org/ns/project-private/1">
    <editor-bookmarks xmlns="http://www.netbeans.org/ns/editor-bookmarks/2" lastBookmarkId="0"/>
    <open-files xmlns="http://www.netbeans.org/ns/projectui-open-files/2">
        <group>
            <file>file:/D:/FCIT/senior%20year%20!!/term%201/CPCS-324/Project%20Versions%20NetBeans/MaryamVersionProject/src/House.java</file>
            <file>file:/D:/FCIT/senior%20year%20!!/term%201/CPCS-324/Project%20Versions%20NetBeans/MaryamVersionProject/src/Road.java</file>
            <file>file:/D:/FCIT/senior%20year%20!!/term%201/CPCS-324/Project%20Versions%20NetBeans/MaryamVersionProject/src/Vertex.java</file>
            <file>file:/D:/FCIT/senior%20year%20!!/term%201/CPCS-324/Project%20Versions%20NetBeans/MaryamVersionProject/src/MSTAlgorithm.java</file>
            <file>file:/D:/FCIT/senior%20year%20!!/term%201/CPCS-324/Project%20Versions%20NetBeans/MaryamVersionProject/src/Edge.java</file>
            <file>file:/D:/FCIT/senior%20year%20!!/term%201/CPCS-324/Project%20Versions%20NetBeans/MaryamVersionProject/src/Graph.java</file>
            <file>file:/D:/FCIT/senior%20year%20!!/term%201/CPCS-324/Project%20Versions%20NetBeans/MaryamVersionProject/src/KruskalAlg.java</file>
            <file>file:/D:/FCIT/senior%20year%20!!/term%201/CPCS-324/Project%20Versions%20NetBeans/MaryamVersionProject/src/RoadDesignApp.java</file>
        </group>
    </open-files>
</project-private>
